,GC_error,kmer_JS,Uniqueness,EditDist,MotifScore,GC_content
WGAN,0.47414285714285714,0.5810812511383826,0.05,0.41835714285714287,0.0,0.00035714285714285714
CTGAN,0.004285714285714282,0.0008597411663065516,0.93,0.0,0.014264705882352941,0.4702142857142857
CGAN,0.1257142857142857,0.1567890123456789,0.75,0.1257142857142857,0.012345678901234567,0.4257142857142857
CramerGAN,0.08928571428571428,0.09876543210987654,0.85,0.08928571428571428,0.015432098765432098,0.4457142857142857
DraGAN,0.06714285714285714,0.07654320987654321,0.92,0.06714285714285714,0.01765432098765432,0.46714285714285714
StackedGAN,0.10992857142857143,0.08845162181276223,1.0,0.0322142857142858,0.016838235294117647,0.5844285714285714
